CID,FNAME1,LNAME,ADDRESS,APT,CITY,STATE,ZIP,HAREA,HPHONE,YTD,PRICETBL,FIRSTDATE,EMAIL,pay_method,LASTDATE,InfoChangeDate
1000001,Melissa,Wang,6327 Underwood Drive Apt. 641,Apt. 954,West Roseside,UT,54680,363,5786616,0,STANDARD,2004-06-11 00:00:00.000,wangmelissa@gmail.com,Charge,2025-08-14 10:31:06.000,2025-05-14 13:17:07.000
1000002,Katrina,Perez,9099 Mary Mews,Suite 539,North William,LA,94116,1,3324857,39.7,STANDARD,2006-11-09 00:00:00.000,kperez@hotmail.com,Charge,2025-07-15 11:28:10.000,2025-07-16 12:06:21.000
1000056,James,Miller,48088 Harmon Point Suite 283,Apt. 313,Jessicamouth,MN,33406,1,6117226,0,STANDARD,2006-12-12 00:00:00.000,jamesmiller365@yahoo.com,Cash,2025-08-24 15:35:33.000,2025-08-24 15:32:23.000
1000096,Jose,Hatfield,894 Betty Expressway,Apt. 866,Smithton,HI,99184,1,8822653,4.1,STANDARD,2006-12-15 00:00:00.000,joseh@hotmail.com,CASH,2025-05-16 11:56:20.000,NULL
1000147,Martin,Miranda,52421 Ryan Inlet Suite 284,Suite 663,West Morgan,DC,73953,306,2723357,0,STANDARD,2006-12-16 00:00:00.000,mmiranda@hotmail.com,CASH,2025-08-24 11:39:00.000,NULL
1000150,Mitchell,Fowler,259 Oliver Hill Apt. 717,Apt. 000,Michaelport,WV,77130,682,8535018,6.2,STANDARD,2007-07-11 00:00:00.000,mitchellf@yahoo.com,Cash,2025-08-12 11:46:38.000,2025-06-10 11:39:14.000
1000181,Stephanie,White,9009 Gregory Ville Apt. 373,Apt. 242,Kellyborough,OR,52245,452,5139262,0,STANDARD,1991-09-07 00:00:00.000,stephaniew@yahoo.com,CASH,2025-08-18 10:12:57.000,NULL
1000219,Christy,Patel,59645 Mary Valleys,Apt. 339,Cooperview,IN,19427,736,9580654,0,STANDARD,2005-12-01 00:00:00.000,christy.patel@yahoo.com,CASH,2025-05-20 09:04:52.000,NULL
1000290,Walter,Jones,27603 Crawford Plains,Suite 631,South Brianton,MA,58015,1,7455700,55.4,STANDARD,2002-04-05 00:00:00.000,wjones@hotmail.com,Cash,2025-08-11 14:17:31.000,2025-08-11 14:16:30.000
1000301,Tyler,Hester,1254 Donna Landing Suite 574,Suite 985,South Cameronport,NM,93056,187,2927361,19.4,STANDARD,2006-01-12 00:00:00.000,hester.tyler@yahoo.com,CASH,2025-08-19 13:35:00.000,NULL
1000446,Kenneth,Lutz,1238 Billy Shoal Apt. 083,Apt. 530,Jonathanfort,OH,34285,810,9752154,12,STANDARD,2007-01-03 00:00:00.000,kennethlutz@hotmail.com,Charge,2025-01-27 10:07:23.000,2020-10-02 14:48:22.000
1000449,Doris,Chandler,515 Melissa Roads Suite 193,Apt. 583,Wandaland,OR,14272,406,4825657,34.25,STANDARD,2007-01-04 00:00:00.000,doris_chandler@yahoo.com,Charge,2025-08-24 10:58:04.000,2025-08-21 11:55:47.000
1000491,Andrew,Franco,8530 Delacruz Pines Suite 897,Suite 465,Robinberg,NM,13342,280,8947256,0,STANDARD,2006-02-09 00:00:00.000,francoandrew@yahoo.com,CASH,2025-08-23 11:05:13.000,NULL
1000584,Jennifer,Williams,21292 Sherman Glens,Suite 610,South Georgemouth,NH,24632,646,7403634,0,STANDARD,2006-02-20 00:00:00.000,jennifer_williams@gmail.com,CASH,2025-08-19 13:33:39.000,NULL
1000714,Deanna,Walls,9479 Diane Skyway,Apt. 068,Reynoldshaven,ND,69790,624,2393186,68.9,STANDARD,2025-01-08 14:31:02.000,deannawalls@yahoo.com,Cash,2025-07-11 10:34:14.000,2025-03-11 11:11:00.000
1000722,William,Webb,86625 Mark Divide,Suite 402,North Brandi,MH,59298,341,7922207,7,STANDARD,2007-01-22 00:00:00.000,williamwebb@yahoo.com,CASH,2025-01-16 14:31:03.000,NULL
1000755,Vanessa,Simpson,2342 Corey Fork Suite 385,Apt. 122,Lake John,MT,4465,605,5446454,0,STANDARD,2006-03-03 00:00:00.000,vanessasimpson447@gmail.com,Cash,2025-01-27 10:03:54.000,2019-06-27 11:16:01.000
1000779,Brian,Foster,117 David Cape,Suite 405,Christinehaven,FL,95417,694,6146827,0,STANDARD,2006-03-09 00:00:00.000,brian11@yahoo.com,CASH,2025-08-19 13:28:56.000,NULL
1000810,Susan,Mcdowell,2045 Adams Loaf,Suite 604,Nancyborough,MD,70303,524,8709018,0,STANDARD,2000-05-27 00:00:00.000,susanmcdowell@gmail.com,CASH,2025-08-21 08:41:04.000,NULL
1000824,John,Scott,20107 Mike Plains,Apt. 257,Shawnborough,NJ,11618,969,5231645,12,STANDARD,2006-02-28 00:00:00.000,jscott@gmail.com,CASH,2025-05-20 12:23:21.000,NULL
1000872,Mario,Bell,6168 Macdonald Mills,Apt. 437,Jamesstad,PW,58792,206,4662522,6.3,STANDARD,2007-02-13 00:00:00.000,mariobell911@gmail.com,Charge,2025-04-03 09:00:37.000,2025-08-19 12:48:26.000
1000998,Martin,Reed,777 James Lodge,Suite 141,Belindatown,CO,76653,362,7375032,6.1,STANDARD,2006-03-22 00:00:00.000,mreed@hotmail.com,Cash,2025-03-10 13:24:03.000,2018-03-27 10:50:43.000
1001058,Sarah,Ortiz,770 Mariah Fields,Apt. 602,Patrickhaven,VT,76448,153,5255172,164.45,STANDARD,1990-03-03 00:00:00.000,sarah.ortiz@yahoo.com,CASH,2025-08-21 12:35:32.000,NULL
1001182,Scott,Monroe,783 Tucker Route Apt. 723,Apt. 555,East Michaelview,CA,88068,210,2128553,0,STANDARD,2006-04-06 00:00:00.000,monroescott@yahoo.com,CASH,2025-08-19 11:42:41.000,NULL
1001184,Thomas,Hayes,6090 Rhodes Extension,Suite 264,Rochaville,NH,70630,651,7581318,0,STANDARD,2006-04-07 00:00:00.000,thomashayes@yahoo.com,CASH,2025-01-21 15:38:56.000,NULL
1001299,Cassidy,White,9971 Kenneth Station Suite 398,Apt. 257,East Cherylview,NV,97758,565,9300678,0,STANDARD,2005-03-26 00:00:00.000,cassidywhite@gmail.com,CASH,2025-04-23 14:45:42.000,NULL
1001385,Jonathan,Holmes,7299 Valdez Fork,Apt. 256,North Joe,FM,67990,208,7945826,24.7,STANDARD,2002-07-24 00:00:00.000,jonathanh@yahoo.com,CASH,2025-04-01 15:17:25.000,NULL
1001424,Carrie,Vargas,64077 Meyer Circle,Apt. 753,New Timothyland,NH,87810,1,9184896,0,STANDARD,2006-05-19 00:00:00.000,carrievargas@hotmail.com,Cash,2025-08-24 10:59:00.000,2025-03-24 09:49:37.000
1001477,Amy,Robinson,2948 Marshall Rue Suite 297,Apt. 730,New Courtney,LA,17778,333,7242585,16.6,STANDARD,2007-03-17 00:00:00.000,amyr@gmail.com,Cash,2025-08-23 16:08:15.000,2025-05-29 14:33:19.000
1001553,Jonathan,Hart,2525 Willis Field,Apt. 176,Kyleport,MN,50087,634,4369883,0,STANDARD,2006-05-22 00:00:00.000,jonathanhart790@hotmail.com,CASH,2025-01-21 08:04:24.000,NULL
1001672,Alec,Lopez,154 Carol Knoll,Suite 086,Sanchezfurt,PR,59628,508,3884308,72.2,STANDARD,2007-04-12 00:00:00.000,alec67@gmail.com,CASH,2025-08-24 12:23:16.000,NULL
1001751,Diane,Walters,0184 Murray Avenue Apt. 260,Apt. 898,New Emilybury,RI,79967,667,8361113,74.55,STANDARD,2004-11-16 00:00:00.000,diane60@yahoo.com,CASH,2025-05-16 09:01:31.000,NULL
1001767,Tyler,Mullins,8372 Elizabeth Place Suite 597,Apt. 461,New Matthew,GU,54642,1,3769749,0,STANDARD,2006-06-23 00:00:00.000,tmullins@yahoo.com,CASH,2025-08-24 11:18:59.000,NULL
1001784,Kathleen,Ochoa,420 Mullins Bypass,Suite 116,Julieborough,PA,35283,192,5208024,104.05,STANDARD,2004-12-03 00:00:00.000,kathleeno@gmail.com,CASH,2025-05-16 11:55:48.000,NULL
1001856,Jennifer,Moore,8201 Alison Branch Apt. 629,Suite 967,Santiagoland,SD,37084,291,2313439,0,STANDARD,2004-12-04 00:00:00.000,jmoore@yahoo.com,CASH,2025-08-24 09:32:19.000,NULL
1002170,Breanna,Kennedy,147 Padilla Fields,Apt. 812,South Brian,NJ,66430,267,6294687,68.45,STANDARD,2003-10-10 00:00:00.000,breannak@hotmail.com,CASH,2025-05-16 09:00:32.000,NULL
1002617,Angela,Smith,7520 Benitez View Apt. 899,Suite 358,Maryport,MH,85820,198,6702384,56.7,STANDARD,1999-07-07 00:00:00.000,angelasmith330@gmail.com,Charge,2025-08-18 14:17:43.000,2025-08-18 14:17:27.000
1002643,Stacie,Weber,06216 Kayla Parks Apt. 880,Apt. 081,West Danielburgh,AK,36495,382,6284840,0,STANDARD,2006-08-18 00:00:00.000,stacie22@hotmail.com,Cash,2025-09-05 10:29:10.000,NULL
1002645,Amy,Ellison,65002 Shelby Grove,Apt. 126,West Melinda,AK,57050,647,3306750,22.6,STANDARD,2005-09-27 00:00:00.000,amy.ellison@gmail.com,Cash,2025-03-31 14:38:10.000,2021-02-05 11:15:46.000
1002684,Andrea,Morris,079 Marcus Ford Suite 544,Suite 492,Amybury,RI,34190,970,3765172,113,STANDARD,2003-10-18 00:00:00.000,andream@yahoo.com,CASH,2025-05-16 12:34:56.000,NULL
1002759,Matthew,Howell,32700 Monica Avenue,Suite 108,Claireville,LA,65538,811,4538820,0,STANDARD,2005-10-20 00:00:00.000,matthew21@gmail.com,CASH,2025-05-16 11:48:53.000,NULL
1002838,Mitchell,Jones,3162 Brennan Walk Apt. 746,Apt. 680,South Carlafurt,KS,28991,394,9475539,0,STANDARD,2003-10-22 00:00:00.000,mjones@yahoo.com,Charge,2025-01-10 15:42:26.000,2025-08-19 12:47:22.000
1002865,Kathryn,Fisher,3488 Shepard Meadows Suite 567,Suite 931,Hillburgh,NJ,38859,796,6275072,0,STANDARD,2006-09-13 00:00:00.000,kfisher@yahoo.com,CASH,2025-08-26 13:36:39.000,NULL
1002884,Christina,Fisher,51317 Kristen Meadows Apt. 276,Suite 983,New Jefftown,CO,89449,236,4880434,133.9,STANDARD,2006-09-23 00:00:00.000,fisher.christina@yahoo.com,Cash,2025-01-16 14:32:15.000,2025-01-16 14:31:53.000
1002986,Timothy,Davis,3456 Kelly Inlet,Apt. 059,North Matthewberg,IA,3911,1,3839976,0,STANDARD,2006-10-25 00:00:00.000,tdavis@hotmail.com,CASH,2025-08-18 10:34:43.000,NULL
1003484,Robert,Taylor,67566 Joseph Trace,Apt. 330,East Stephanie,FM,90671,473,7691182,0,STANDARD,2009-10-17 00:00:00.000,taylorrobert@hotmail.com,Cash,2025-04-21 11:52:37.000,NULL
1003513,Samuel,Jones,90079 Everett Grove,Suite 481,Bakerstad,MP,94319,411,4485914,0,STANDARD,2017-07-25 00:00:00.000,samuelj@hotmail.com,Hotel,2025-08-19 13:03:48.000,2025-08-19 13:01:55.000
1003582,Jeremy,Flores,94585 Guerra Lights,Suite 532,Michaelville,MP,52596,355,6218963,0,Standard,2017-11-21 09:23:22.000,jeremy_flores@yahoo.com,Cash,2025-09-05 12:57:45.000,2025-03-12 15:54:51.000
1003747,Nicole,Acevedo,4939 Susan Drives,Apt. 446,Port Randallbury,VA,65243,694,6431541,0,STANDARD,2018-06-21 00:00:00.000,nicoleacevedo454@hotmail.com,Cash,2025-08-24 10:13:13.000,2018-06-21 09:15:48.000
1003917,Ryan,Clay,72005 Robert Plains,Apt. 794,New Johnmouth,ND,19951,1,4463371,0,STANDARD,2022-01-03 00:00:00.000,ryanclay@hotmail.com,Charge,2025-08-19 12:50:14.000,2025-08-19 12:57:38.000
1003918,William,Hall,0915 Jennifer Camp Suite 545,Suite 446,West Emilyburgh,MA,62723,1,8925496,0,STANDARD,2022-01-03 00:00:00.000,whall@gmail.com,Charge,2025-08-19 12:50:57.000,2025-08-19 12:58:16.000
1003920,Anna,Owens,2496 Porter Lights,Suite 322,Butlerhaven,AS,17826,1,7994305,0,STANDARD,2025-01-28 00:00:00.000,annaowens252@hotmail.com,Cash,2025-09-08 22:15:29.000,2025-08-21 16:05:28.000
1003924,Bryan,Edwards,9256 Huynh Island Suite 850,Apt. 698,New Brandonhaven,UT,17586,135,2905098,0,STANDARD,2025-08-24 00:00:00.000,edwardsbryan@hotmail.com,Cash,2025-09-03 12:12:25.000,2025-08-24 09:26:26.000
